,Carpet_record,Clay_record,GS_record,Grass_record,Hard_record,Player_name,fifth_set_recrod,record,the_final_record,Total_Games,Total_GS_Games,Total_Clay_Games,Total_Carpet_Games,Total_Grass_Games,Total_Hard_Games,Total_fifth_set_recrod_Games,Total_final_Games,the_final_recrod,GS_Factor,Final_Factor
296,0.538461538462,0.8125,0.864661654135,0.822784810127,0.851179673321,Djokovic N.,0.774193548387,0.834312573443,0.0,851.0,266.0,208.0,13.0,79.0,551.0,31.0,93.0,0.698924731183,0.0178631789698,-0.0883019489884
359,0.766666666667,0.771863117871,0.863888888889,0.880239520958,0.833780160858,Federer R.,0.564102564103,0.823624595469,0.0,1236.0,360.0,263.0,60.0,167.0,746.0,39.0,134.0,0.65671641791,0.0238601313666,-0.112749816461
363,0.428571428571,0.706024096386,0.719387755102,0.661016949153,0.652631578947,Ferrer D.,0.642857142857,0.671134020619,0.0,970.0,196.0,415.0,21.0,59.0,475.0,28.0,51.0,0.509803921569,0.0347018905608,-0.136611834785
867,0.5,0.90932642487,0.863829787234,0.773333333333,0.764210526316,Nadal R.,0.68,0.82,0.0,950.0,235.0,386.0,14.0,75.0,475.0,25.0,100.0,0.68,0.0260298205711,-0.0933333333333
